{
  "average_frame_build_time_millis": 18.652639999999998,
  "90th_percentile_frame_build_time_millis": 74.532,
  "99th_percentile_frame_build_time_millis": 80.669,
  "worst_frame_build_time_millis": 80.669,
  "missed_frame_build_budget_count": 8,
  "average_frame_rasterizer_time_millis": 6.137759999999999,
  "90th_percentile_frame_rasterizer_time_millis": 17.522,
  "99th_percentile_frame_rasterizer_time_millis": 21.009,
  "worst_frame_rasterizer_time_millis": 21.009,
  "missed_frame_rasterizer_budget_count": 3,
  "frame_count": 25,
  "frame_build_times": [
    1574,
    3257,
    1522,
    2654,
    4530,
    1367,
    1165,
    1237,
    1161,
    829,
    835,
    825,
    1019,
    449,
    37394,
    17498,
    12721,
    37244,
    74532,
    13436,
    38336,
    47736,
    80669,
    80150,
    4176
  ],
  "frame_rasterizer_times": [
    5179,
    20844,
    3405,
    4967,
    4293,
    3213,
    1942,
    1831,
    1876,
    5082,
    1806,
    1888,
    1772,
    3383,
    17522,
    7766,
    8988,
    5841,
    21009,
    6517,
    5492,
    5519,
    5470,
    5496,
    2343
  ]
}