{
  "average_frame_build_time_millis": 20.820699999999995,
  "90th_percentile_frame_build_time_millis": 60.723,
  "99th_percentile_frame_build_time_millis": 93.607,
  "worst_frame_build_time_millis": 93.607,
  "missed_frame_build_budget_count": 10,
  "average_frame_rasterizer_time_millis": 9.206086956521737,
  "90th_percentile_frame_rasterizer_time_millis": 13.216,
  "99th_percentile_frame_rasterizer_time_millis": 69.762,
  "worst_frame_rasterizer_time_millis": 69.762,
  "missed_frame_rasterizer_budget_count": 2,
  "frame_count": 20,
  "frame_build_times": [
    5535,
    1454,
    1450,
    2220,
    1518,
    1215,
    770,
    743,
    752,
    1420,
    63286,
    16099,
    52088,
    60723,
    17640,
    93607,
    24811,
    18772,
    19183,
    33128
  ],
  "frame_rasterizer_times": [
    13216,
    6411,
    4,
    6389,
    69762,
    7138,
    7471,
    36284,
    2140,
    1706,
    1699,
    1688,
    1607,
    10367,
    5755,
    6128,
    5750,
    6618,
    3320,
    5409,
    3777,
    4024,
    5077
  ]
}